[
  {
    "country": "United States",
    "cities": ["New York", "Los Angeles", "Chicago", "Houston", "Phoenix", "Philadelphia", "San Antonio", "San Diego", "Dallas", "San Jose", "Austin", "Jacksonville", "Fort Worth", "Columbus", "Charlotte", "San Francisco", "Indianapolis", "Seattle", "Denver", "Washington", "Boston", "El Paso", "Nashville", "Detroit", "Oklahoma City", "Portland", "Las Vegas", "Memphis", "Louisville", "Baltimore", "Milwaukee", "Albuquerque", "Tucson", "Fresno", "Sacramento", "Kansas City", "Mesa", "Atlanta", "Omaha", "Colorado Springs", "Raleigh", "Miami", "Long Beach", "Virginia Beach", "Oakland", "Minneapolis", "Tulsa", "Tampa", "Arlington", "New Orleans"]
  },
  {
    "country": "United Kingdom",
    "cities": ["London", "Birmingham", "Manchester", "Leeds", "Glasgow", "Sheffield", "Liverpool", "Edinburgh", "Bristol", "Cardiff", "Leicester", "Coventry", "Belfast", "Nottingham", "Newcastle upon Tyne", "Brighton", "Hull", "Plymouth", "Stoke-on-Trent", "Wolverhampton", "Derby", "Southampton", "Portsmouth", "York", "Oxford", "Cambridge"]
  },
  {
    "country": "Canada",
    "cities": ["Toronto", "Montreal", "Vancouver", "Calgary", "Edmonton", "Ottawa", "Winnipeg", "Quebec City", "Hamilton", "Kitchener", "London", "Victoria", "Halifax", "Oshawa", "Windsor", "Saskatoon", "Regina", "St. John's", "Barrie", "Kelowna"]
  },
  {
    "country": "Australia",
    "cities": ["Sydney", "Melbourne", "Brisbane", "Perth", "Adelaide", "Gold Coast", "Canberra", "Newcastle", "Wollongong", "Logan City", "Geelong", "Hobart", "Townsville", "Cairns", "Darwin", "Toowoomba", "Ballarat", "Bendigo", "Albury", "Mackay"]
  },
  {
    "country": "Germany",
    "cities": ["Berlin", "Hamburg", "Munich", "Cologne", "Frankfurt", "Stuttgart", "Düsseldorf", "Dortmund", "Essen", "Leipzig", "Bremen", "Dresden", "Hanover", "Nuremberg", "Duisburg", "Bochum", "Wuppertal", "Bonn", "Bielefeld", "Mannheim"]
  },
  {
    "country": "France",
    "cities": ["Paris", "Marseille", "Lyon", "Toulouse", "Nice", "Nantes", "Strasbourg", "Montpellier", "Bordeaux", "Lille", "Rennes", "Reims", "Le Havre", "Saint-Étienne", "Toulon", "Grenoble", "Dijon", "Angers", "Nîmes", "Villeurbanne"]
  },
  {
    "country": "Italy",
    "cities": ["Rome", "Milan", "Naples", "Turin", "Palermo", "Genoa", "Bologna", "Florence", "Bari", "Catania", "Venice", "Verona", "Messina", "Padua", "Trieste", "Taranto", "Brescia", "Parma", "Prato", "Modena"]
  },
  {
    "country": "Spain",
    "cities": ["Madrid", "Barcelona", "Valencia", "Seville", "Zaragoza", "Málaga", "Murcia", "Palma", "Las Palmas", "Bilbao", "Alicante", "Córdoba", "Valladolid", "Vigo", "Gijón", "L'Hospitalet de Llobregat", "A Coruña", "Granada", "Vitoria-Gasteiz", "Elche"]
  },
  {
    "country": "Netherlands",
    "cities": ["Amsterdam", "Rotterdam", "The Hague", "Utrecht", "Eindhoven", "Tilburg", "Groningen", "Almere", "Breda", "Nijmegen", "Enschede", "Haarlem", "Arnhem", "Zaanstad", "Amersfoort", "Apeldoorn", "s-Hertogenbosch", "Hoofddorp", "Maastricht", "Leiden"]
  },
  {
    "country": "Belgium",
    "cities": ["Brussels", "Antwerp", "Ghent", "Charleroi", "Liège", "Bruges", "Namur", "Leuven", "Mons", "Mechelen", "Aalst", "La Louvière", "Kortrijk", "Hasselt", "Sint-Niklaas", "Ostend", "Genk", "Seraing", "Roeselare", "Verviers"]
  },
  {
    "country": "Poland",
    "cities": ["Warsaw", "Kraków", "Łódź", "Wrocław", "Poznań", "Gdańsk", "Szczecin", "Bydgoszcz", "Lublin", "Katowice", "Białystok", "Gdynia", "Częstochowa", "Radom", "Sosnowiec", "Toruń", "Kielce", "Gliwice", "Zabrze", "Bytom"]
  },
  {
    "country": "Sweden",
    "cities": ["Stockholm", "Gothenburg", "Malmö", "Uppsala", "Västerås", "Örebro", "Linköping", "Helsingborg", "Jönköping", "Norrköping", "Lund", "Umeå", "Gävle", "Borås", "Södertälje", "Eskilstuna", "Halmstad", "Växjö", "Karlstad", "Sundsvall"]
  },
  {
    "country": "Norway",
    "cities": ["Oslo", "Bergen", "Trondheim", "Stavanger", "Drammen", "Fredrikstad", "Kristiansand", "Sandnes", "Tromsø", "Sarpsborg", "Skien", "Ålesund", "Sandefjord", "Haugesund", "Tønsberg", "Moss", "Porsgrunn", "Bodø", "Arendal", "Hamar"]
  },
  {
    "country": "Denmark",
    "cities": ["Copenhagen", "Aarhus", "Odense", "Aalborg", "Esbjerg", "Randers", "Kolding", "Horsens", "Vejle", "Roskilde", "Herning", "Helsingør", "Silkeborg", "Næstved", "Fredericia", "Viborg", "Køge", "Holstebro", "Taastrup", "Slagelse"]
  },
  {
    "country": "Finland",
    "cities": ["Helsinki", "Espoo", "Tampere", "Vantaa", "Oulu", "Turku", "Jyväskylä", "Lahti", "Kuopio", "Pori", "Kouvola", "Joensuu", "Lappeenranta", "Hämeenlinna", "Vaasa", "Seinäjoki", "Rovaniemi", "Mikkeli", "Kotka", "Salo"]
  },
  {
    "country": "Japan",
    "cities": ["Tokyo", "Yokohama", "Osaka", "Nagoya", "Sapporo", "Fukuoka", "Kobe", "Kyoto", "Kawasaki", "Saitama", "Hiroshima", "Sendai", "Chiba", "Kitakyushu", "Sakai", "Niigata", "Hamamatsu", "Kumamoto", "Sagamihara", "Okayama"]
  },
  {
    "country": "South Korea",
    "cities": ["Seoul", "Busan", "Incheon", "Daegu", "Daejeon", "Gwangju", "Suwon", "Ulsan", "Changwon", "Goyang", "Yongin", "Seongnam", "Bucheon", "Cheongju", "Ansan", "Jeonju", "Anyang", "Cheonan", "Pohang", "Uijeongbu"]
  },
  {
    "country": "China",
    "cities": ["Shanghai", "Beijing", "Chongqing", "Tianjin", "Guangzhou", "Shenzhen", "Wuhan", "Chengdu", "Nanjing", "Xi'an", "Hangzhou", "Shenyang", "Harbin", "Jinan", "Qingdao", "Dalian", "Zhengzhou", "Changchun", "Kunming", "Taiyuan"]
  },
  {
    "country": "India",
    "cities": ["Mumbai", "Delhi", "Bangalore", "Hyderabad", "Ahmedabad", "Chennai", "Kolkata", "Surat", "Pune", "Jaipur", "Lucknow", "Kanpur", "Nagpur", "Indore", "Thane", "Bhopal", "Visakhapatnam", "Pimpri-Chinchwad", "Patna", "Vadodara"]
  },
  {
    "country": "Brazil",
    "cities": ["São Paulo", "Rio de Janeiro", "Brasília", "Salvador", "Fortaleza", "Belo Horizonte", "Manaus", "Curitiba", "Recife", "Porto Alegre", "Belém", "Goiânia", "Guarulhos", "Campinas", "São Luís", "São Gonçalo", "Maceió", "Duque de Caxias", "Natal", "Teresina"]
  },
  {
    "country": "Mexico",
    "cities": ["Mexico City", "Guadalajara", "Monterrey", "Puebla", "Tijuana", "León", "Juárez", "Zapopan", "Mérida", "San Luis Potosí", "Aguascalientes", "Hermosillo", "Saltillo", "Mexicali", "Culiacán", "Guadalupe", "Acapulco", "Tlalnepantla", "Cancún", "Querétaro"]
  },
  {
    "country": "Argentina",
    "cities": ["Buenos Aires", "Córdoba", "Rosario", "Mendoza", "La Plata", "San Miguel de Tucumán", "Mar del Plata", "Salta", "Santa Fe", "San Juan", "Resistencia", "Corrientes", "Bahía Blanca", "Posadas", "Neuquén", "Santiago del Estero", "Paraná", "Formosa", "San Salvador de Jujuy", "La Rioja"]
  },
  {
    "country": "Russia",
    "cities": ["Moscow", "Saint Petersburg", "Novosibirsk", "Yekaterinburg", "Nizhny Novgorod", "Kazan", "Chelyabinsk", "Omsk", "Samara", "Rostov-on-Don", "Ufa", "Krasnoyarsk", "Perm", "Voronezh", "Volgograd", "Krasnodar", "Saratov", "Tyumen", "Tolyatti", "Izhevsk"]
  },
  {
    "country": "Turkey",
    "cities": ["Istanbul", "Ankara", "Izmir", "Bursa", "Adana", "Gaziantep", "Konya", "Antalya", "Kayseri", "Mersin", "Eskişehir", "Diyarbakır", "Samsun", "Denizli", "Şanlıurfa", "Adapazarı", "Malatya", "Kahramanmaraş", "Erzurum", "Van"]
  },
  {
    "country": "South Africa",
    "cities": ["Johannesburg", "Cape Town", "Durban", "Pretoria", "Port Elizabeth", "Bloemfontein", "East London", "Pietermaritzburg", "Kimberley", "Polokwane", "Nelspruit", "George", "Rustenburg", "Potchefstroom", "Welkom", "Klerksdorp", "Middelburg", "Bethlehem", "Kroonstad", "Upington"]
  },
  {
    "country": "Egypt",
    "cities": ["Cairo", "Alexandria", "Giza", "Shubra El-Kheima", "Port Said", "Suez", "Luxor", "Mansoura", "El-Mahalla El-Kubra", "Tanta", "Asyut", "Ismailia", "Faiyum", "Zagazig", "Aswan", "Damietta", "Damanhur", "Minya", "Beni Suef", "Qena"]
  },
  {
    "country": "Lithuania",
    "cities": ["Vilnius", "Kaunas", "Klaipėda", "Šiauliai", "Panevėžys", "Alytus", "Marijampolė", "Mažeikiai", "Jonava", "Utena", "Kėdainiai", "Telšiai", "Visaginas", "Tauragė", "Ukmergė", "Plungė", "Kretinga", "Šilutė", "Radviliškis", "Palanga"]
  }
]
